film,Url
Toy Story,https://image.tmdb.org/t/p/original/c527bh3QM4ItVT3ek5EI7GQOoDR.jpg
A Bug's Life,https://m.media-amazon.com/images/M/MV5BNThmZGY4NzgtMTM4OC00NzNkLWEwNmEtMjdhMGY5YTc1NDE4XkEyXkFqcGdeQXVyMTQxNzMzNDI@._V1_.jpg
Toy Story 2,https://truthandsincerity.com/wordpress/wp-content/uploads/2019/01/Toy-Story-2.jpg
"Monsters, Inc.",https://pics.cdn.librarything.com/picsizes/a2/8b/a28bb9407569a13593246435641416341674141_v5.jpg
Finding Nemo,https://freshcomics.s3.amazonaws.com/issue_covers/MAR161537.jpg
The Incredibles,https://www.discountmags.com/shopimages/products/extras/846033-the-incredibles-the-story-of-the-movie-in-comics-cover-book-issue.jpg
Cars,https://iwt.sfo2.cdn.digitaloceanspaces.com/cbr-covers/003c781d2f1bb550da9a3c6cac0ffdc6_xl.jpg
Ratatouille,https://m.media-amazon.com/images/M/MV5BMDExNTE0ZGUtNDhkNC00YjZlLWJkYmMtMDc2ODhhZDBjYmMxXkEyXkFqcGdeQXVyMTA0MTM5NjI2._V1_.jpg
WALL-E,https://cdn.mobygames.com/covers/10943844-disneypixar-wall-e-windows-other.jpg
Up,https://m.media-amazon.com/images/I/71VU4xCX9GL.jpg
Toy Story 3,https://static1.wikia.nocookie.net/__cb20100702172455/pixar/images/5/50/Toy_story_3_front_cover.jpg
Cars 2,https://i5.walmartimages.com/seo/Disney-Pixar-Cars-2-Classic-Wall-Poster-with-Push-Pins-22-375-x-34_a8d2f32d-6f67-4ddd-9fcd-275aa4d2de34.f9fce15cb12a7c21169851ad95410efd.jpeg
Brave,brave-blu-ray-cover-59.jpg (1634×2058)
Monsters University,https://www.tarstarkas.net/wp-content/uploads/2012/06/monsters-university.png
Inside Out,https://image.tmdb.org/t/p/original/ayyBTAxL0ONtf8E9ttBLOjf450K.jpg
The Good Dinosaur,https://lumiere-a.akamaihd.net/v1/images/p_thegooddinosaur_19753_03c2af0a.jpeg
Finding Dory,https://www.thechildrensbookreview.com/wp-content/uploads/2016/06/Cover-Disney-PAP-Dory_Final-1-2.jpg
Cars 3,https://i5.walmartimages.com/seo/Disney-Pixar-Cars-3-Group-Wall-Poster-22-375-x-34-Framed_9111edb8-3cfc-4761-9599-fab471e5f8fb.17849f1825b77816cabebe4b7a3b8a02.jpeg
Coco,https://noescinetodoloquereluce.com/wp-content/uploads/2017/09/Poster-de-Coco.jpg
Incredibles 2,https://d2lzb5v10mb0lj.cloudfront.net/covers/600/30/3005010.jpg
Toy Story 4,https://i5.walmartimages.com/seo/Disney-Pixar-Toy-Story-4-One-Sheet-Wall-Poster-14-725-x-22-375-Framed_40a611b8-bfba-4fc6-b252-850753a294a8.977c7577a2b8c9cbe1eaaabe444d32ef.jpeg
Onward,https://cdn.flickeringmyth.com/wp-content/uploads/2019/12/Onward-character-posters-4-600x875.jpg
Soul,https://www.fsm-media.com/wp-content/uploads/2021/03/Soul_PS_ENG_960_x_1440-scaled.jpg
Luca,https://wallpapercave.com/wp/wp9371251.jpg
Turning Red,https://highlightsalongtheway.com/wp-content/uploads/2022/02/Disney_TurningRed_ActivityPackCover.jpg
Lightyear,https://cdn.ecommercedns.uk/files/3/251613/2/24094602/image.jpg
Elemental,https://i.pinimg.com/736x/83/c5/87/83c5871cfc72bd14b82ea9bf39847784.jpg
Inside Out 2,https://www.youloveit.com/uploads/posts/2024-03/medium/1710424309_youloveit_com_inside_out_2_step_into_reading_book_step_3.jpg
